id;name;email;dob;gender;passed
1;Hybrid;Luisa.Gusikowski@yahoo.com;2023-06-20;OTHER;false
2;blue Intelligent Iron;Brycen_Lesch@yahoo.com;2023-06-19;OTHER;false
3;enhance Internal;Melyna.Torphy@hotmail.com;2023-06-19;FEMALE;true
4;Executive ew;Dortha_Walker@hotmail.com;2023-06-19;OTHER;false
5;Corporate;Hunter_Herzog@yahoo.com;2023-06-20;FEMALE;false
6;scale Functionality;Cooper_Mante@gmail.com;2023-06-20;OTHER;true
7;Wooden female oh;Shawna.Jones@gmail.com;2023-06-19;MALE;true
8;bypass;Omer89@yahoo.com;2023-06-20;OTHER;false
9;health Branding VGA;Esperanza43@gmail.com;2023-06-19;FEMALE;true
10;fooey ivory;Isabel_Cartwright@hotmail.com;2023-06-19;MALE;false
